,title,company,location
0,"Software Engineer, University Graduate - 2022 Start",TikTok,"Mountain View, CA"
1,"Software Engineer, Early Career",Google,"New York, NY"
2,"Software Engineer, Early Career",Google,"Austin, TX"
3,"Software Engineer, Early Career",Google,"Los Angeles, CA"
4,"Software Engineer, Early Career",Google,"Washington, DC"
5,"Software Engineer, Early Career",Google,"Mountain View, CA"
6,"Software Engineer, New Grad 2022",Blend,United States
7,Software Engineer I/II,Microsoft,"Dallas, TX"
8,"Software Engineer, Early Career",Google,"Irvine, CA"
9,"Software Engineer, Web Development",Tinder,"Los Angeles, CA"
10,"Software Engineer, Early Career",Google,"Boulder, CO"
11,"Software Engineer, Early Career",Google,"Seattle, WA"
12,"Software Engineer, Early Career",Google,"Atlanta, GA"
13,Software Engineer (Remote),The Home Depot,"Atlanta, GA"
14,"Software Engineer, Early Career",Google,"San Bruno, CA"
15,"Software Engineer, University Grad",Meta,"Bellevue, WA"
16,"Software Engineer, Early Career",Google,"Cambridge, MA"
17,"Software Engineer, Backend",Calm,United States
18,Software Engineer (New Grads),Sprig,San Francisco Bay Area
19,Junior Software Engineer,Fanbyte,Los Angeles Metropolitan Area
20,Software Engineer I/II,Microsoft,"Washington, DC"
21,Software Engineer (New Grad),Dover,United States
22,Software Engineer,PlayStation,San Francisco Bay Area
23,Entry Level Software Engineer,Innovia Solutions,"Miami, FL"
24,Software Engineer - Applications (Flagship),LinkedIn,"New York, NY"
25,"Software Engineer, University Graduate - 2022 Start",TikTok,"Mountain View, CA"
26,Software Engineer (New Grads),Sprig,San Francisco Bay Area
27,"Software Engineer, Early Career",Google,"New York, NY"
28,"Software Engineer, Go Framework",Uber,"New York, NY"
29,Software Engineer - Applications (Flagship),LinkedIn,"New York, NY"
30,"Software Engineer, Backend",Calm,United States
31,Software Engineer,Stealth,Los Angeles Metropolitan Area
32,"Software Engineer, Early Career",Google,"Los Angeles, CA"
33,"Software Engineer, University Graduate",SingleStore,"San Francisco, CA"
34,Software Engineer Frontend - LinkedIn Talent Solutions,LinkedIn,"Sunnyvale, CA"
35,Software Engineer (New Grad),Dover,United States
36,"Software Engineer, Client Applications",Disney Streaming,"Seattle, WA"
37,"Software Engineer, Early Career",Google,"Austin, TX"
38,"Software Engineer, Go Framework",Uber,"San Francisco, CA"
39,Software Engineer I/II,Microsoft,"Dallas, TX"
40,"Software Engineer, Early Career",Google,"Washington, DC"
41,"Software Engineer, New Grad 2022",Blend,United States
42,"Software Engineer, Go Framework",Uber,"Seattle, WA"
43,Software Engineer,Spice,United States
44,Junior Software Engineer,Fanbyte,Los Angeles Metropolitan Area
45,Software Engineer,Disney Streaming,"Seattle, WA"
46,"Software Engineer, University Graduate",SingleStore,"Seattle, WA"
47,Software Engineer,Citi,"New York, NY"
48,"Software Engineer, Early Career",Google,"Mountain View, CA"
49,Software Engineer - Flagship,LinkedIn,"Sunnyvale, CA"
50,"Software Engineer, Go Framework",Uber,"New York, NY"
51,"Software Engineer, Backend",Calm,United States
52,Software Engineer,Stealth,Los Angeles Metropolitan Area
53,Software Engineer (New Grad),Dover,United States
54,"Software Engineer, Go Framework",Uber,"San Francisco, CA"
55,Software Engineer I/II,Microsoft,"Dallas, TX"
56,"Software Engineer, Go Framework",Uber,"Seattle, WA"
57,Junior Software Engineer,Fanbyte,Los Angeles Metropolitan Area
58,Software Engineer - Flagship,LinkedIn,"Sunnyvale, CA"
59,Software Engineer - Intern,Udemy,"San Francisco, CA"
60,Software Engineer (Remote),The Home Depot,"Atlanta, GA"
61,Software Engineer,NaviStone,"Cincinnati, OH"
62,Entry Level Software Engineer,Innovia Solutions,"Miami, FL"
63,Software Engineer,Expedera,"Santa Clara, CA"
64,"Software Engineer, Ads Infrastructure",TikTok,"Mountain View, CA"
65,"Software Engineer, Java",Dell Technologies,"Irvine, CA"
66,Entry Level Software Engineer,Nomic,"Wilmington, DE"
67,Software Engineer - Backend,Cloudflare,United States
68,Software Engineer,Cloudflare,"San Jose, CA"
69,Software Engineer - Backend,Cloudflare,"Los Angeles, CA"
70,Software Engineer Co-op,Cohere Health,United States
71,Software Engineer,Winmo,United States
72,Full Stack Software Engineer,Bay Systems Inc,"Mountain View, CA"
73,Full Stack Web Developer,Bay Systems Inc,"Mountain View, CA"
74,Software Engineer - Backend,Scratch,San Francisco Bay Area
